node_id,node_type,name,title,chapter_number,subsection_number,subsection_label,content
0,Document,General Guidelines,Trade Descriptions Ordinance - General Guidelines,,,,
1,Chapter,,FAIR TRADING SECTIONS OF THE TRADE DESCRIPTIONS ORDINANCE – SCOPE OF APPLICATION,1,,,FAIR TRADING SECTIONS OF THE TRADE DESCRIPTIONS ORDINANCE – SCOPE OF APPLICATION
2,Chapter,,TRADE DESCRIPTIONS OF GOODS AND SERVICES,2,,,TRADE DESCRIPTIONS OF GOODS AND SERVICES
3,Chapter,,MISLEADING OMISSIONS,3,,,MISLEADING OMISSIONS
4,Chapter,,AGGRESSIVE COMMERCIAL PRACTICES,4,,,AGGRESSIVE COMMERCIAL PRACTICES
5,Chapter,,BAIT ADVERTISING,5,,,BAIT ADVERTISING
6,Chapter,,BAIT AND SWITCH,6,,,BAIT AND SWITCH
7,Chapter,,WRONGLY ACCEPTING PAYMENT,7,,,WRONGLY ACCEPTING PAYMENT
8,Chapter,,LIABILITY OF PARTIES INVOLVED,8,,,LIABILITY OF PARTIES INVOLVED
9,Chapter,,SANCTIONS AND POWERS AVAILABLE TO THE COMMISSIONER OF CUSTOMS AND EXCISE AND THE COMMUNICATIONS AUTHORITY,9,,,SANCTIONS AND POWERS AVAILABLE TO THE COMMISSIONER OF CUSTOMS AND EXCISE AND THE COMMUNICATIONS AUTHORITY
10,Chapter,,CONSUMER REDRESS,10,,,CONSUMER REDRESS
11,Subsection,,,1,1,1.1,"Generally speaking, the fair trading sections apply to commercial practices directly connected with the sale or supply or promotion of goods or services by traders to consumers (i.e. “business-to-consumer” conduct)2. Nevertheless, the sections do not apply to immovable property, and goods and services sold or supplied by a person regulated, licensed, registered, recognized or authorized under the Insurance Companies Ordinance (Cap. 41), the Banking Ordinance (Cap. 155), the Mandatory Provident Fund Schemes Ordinance (Cap. 485) or the Securities and Futures"
12,Subsection,,,1,2,1.2,"The term “commercial practice” is defined under section 2 as “any act, omission, course of conduct, representation or commercial communication (including advertising and marketing) by a trader which is directly connected with the promotion of a product4 to consumers or the sale or supply of a product to or from consumers, whether occurring before, during or after a commercial transaction (if any) in relation to a product”."
13,Subsection,,,1,3,1.3,"Commercial practice, as defined, may include traders’ activities like promotion sales, offers of discounts, price reduction, offer of free gifts or samples and advertising. It is important to note that a commercial practice may occur not only before or during a transaction (if any) of a product (including goods and services), for example, at the marketing, sale, supply and payment stages; it may also occur after a consumer transaction has been completed (such as provision of warranties, maintenance and after-sale services, and contract cancellation mechanisms)."
14,Subsection,,,1,4,1.4,"Section 2 defines “consumer” as “an individual who, in relation to a commercial practice, is acting, or purporting to act, primarily for purposes that are unrelated to the person’s trade or business”. For the purpose of the fair trading sections, a consumer is a natural person and not any 2 Exceptions are sections 4 and 5 about the requirement of provision of information in relation to goods, and section 7 about trade descriptions of goods applied in the course of any trade or business.               They apply to both"
15,Subsection,,,1,5,1.5,"Section 2 defines “trader” as “any person (other than an exempt person) who, in relation to a commercial practice, is acting, or purporting to act, for purposes relating to the person’s trade or business”. A trader can be a natural person, a company or other form of a body corporate. It should be noted that a reference to a trader includes any person acting in the name of, or on behalf of, a trader (section 2(5)). The assessment of whether or not an entity is acting as a trader in relation to a commercial practice will depend on whether or not the relevant activity is carried out"
16,Subsection,,,1,6,1.6,"The fair trading sections do not apply to “consumer-to-consumer” conduct. For example, a person who sells his car which has been used for private leisure purposes to another person who acquires it for the same purposes is not regulated by the sections. Do the fair trading sections apply to transactions involving traders buying from consumers?"
17,Subsection,,,1,7,1.7,"The fair trading sections of section 13E (on misleading omissions), section 13F (on aggressive commercial practices), section 13G (on bait advertising), section 13H (on bait and switch) and section 13I (on wrongly accepting payment) apply to “commercial practices”. Since “commercial practices” include practices that are “directly connected with the promotion of a product to consumers or the sale or supply of a product to or from consumers”, it also covers arrangements that are commonly known as “buy-back” and those under which traders acquire"
18,Subsection,,,1,8,1.8,"The fair trading sections (exceptions are sections 4 and 5 about the requirement of provision of information in relation to goods, and section 7 about trade descriptions of goods 4 applied in the course of any trade or business) do not apply to the list of persons at Schedule 3 to the TDO when these persons act in the capacities in which they are registered or regulated under the respective Ordinances as set out in the Schedule. The commercial practices of these exempt"
19,Subsection,,,10,1,10.1,"Aggrieved consumers may seek restorative justice under section 36 whereby they may institute private actions for damages if they have suffered loss or damages due to conduct directed to the claimant which constitutes a fair trading offence. Separately, under section 18A, where a person is convicted of any of the fair trading offences, the court may order the convicted person to compensate any person for the financial loss resulting from the offence. Commissioner of Customs and Excise"
20,Subsection,,,2,1,2.1,"Section 7 provides that it is an offence for any person, in the course of his trade or business, to apply a false trade description to any goods; or supply or offer to supply any goods to which a false trade description is applied. It is also an offence for any person to have in his possession for sale or for any purpose of trade or manufacture any goods to which a false trade description is applied. This section applies to both business-to-consumer and business-to-business conduct. Persons listed in Schedule 3 are not exempted."
21,Subsection,,,2,10,2.10,"Accreditation is common for businesses as an accreditation generally connotes good,quality and services. A false claim of accreditation may constitute the offence of false trade description. 6 The Queen v. Wong Yan-chuen  CACC 523/1987 7"""
22,Subsection,,,2,11,2.11,"In order to attract the attention of consumers, it is common for traders to engage celebrities in product promotion activities. Traders making reference that a celebrity has acquired or used the product will not contravene sections 7 and 7A if the reference is valid and genuine. Sections 7 and 7A do not prohibit traders from engaging celebrities solely for brand or image building. Please also refer to paragraph 3.41 for more details for avoiding the commission of the offence of misleading omissions."
23,Subsection,,,2,12,2.12,"In some situations, a key factor that consumers will take into account in deciding whether to patronize or not is who the person providing the service is. 8 Example An education centre advertises its mathematics tutorial classes with the pseudonym “King of Maths Mr Smart Ng” as the tutor. To the disappointment of the students, Mr Smart Ng never showed up"
24,Subsection,,,2,13,2.13,"Traders may sell goods with after-sale service, for example, maintenance or warranty services. Traders should ensure that they can provide the after-sale service as claimed. Example A local computer trader advertised that it provided life-time global maintenance services for computer parts they sold. It even specified maintenance agents outside Hong Kong, including Shanghai. A Mainland customer approached the specified maintenance agent in Shanghai for"
25,Subsection,,,2,14,2.14,"Price is one of the most important pieces of information that can influence the purchasing,decision of the consumer. The ability to make an informed choice will be hampered if any false or misleading information related to price is communicated to the consumer. Traders should note that typographical or inadvertent errors in pricing may not necessarily be trivial  and whether such errors constitute an offence of applying a false trade description to the goods or services concerned would depend on whether the falsity involved is to a material degree. As a good practice"
26,Subsection,,,2,15,2.15,"It is not uncommon for traders to make price comparisons as a commercial practice. If,traders choose to make price comparisons  they should be able to show clearly what prices are being compared"
27,Subsection,,,2,16,2.16,"Terms in relation to prices (like “sale”, “original price” or “reduced price”) should be used with caution so as to avoid misleading consumers. Traders who use such terms should make sure that the price reduction or discount is genuine. If the “original price” is quoted together with the “reduced price”, the “original price” must be a price which has been applied by the trader to the same product concerned before. A price should not be regarded as the “original price” if it has never been applied to the product for sale or has only been applied to the product for an"
28,Subsection,,,2,17,2.17,"Manufacturers or suppliers may set recommended retail prices (RRPs) (or use such terms,as “standard price”  “reference price” or “intended price”) for certain products. If retailers intend to show any such price together with the actual selling price of a product for the purpose of making price comparison"
29,Subsection,,,2,18,2.18,"Traders should avoid making “lowest price” claims (a claim that they are offering a price,lower than their competitors) if the claims are not backed up by evidence. A “price-promise campaign” under which a consumer will be rewarded with  say"
30,Subsection,,,2,19,2.19,"General notices of “half-price sale for all items” should be avoided if in fact the sale is not,applicable to certain products in the shop. As a best practice  “up to 50% off” should also be avoided if the maximum reduction quoted applies to a very small range of products for sale for the whole period during which the notices are valid. If the maximum reduction applies to less than 10% of the range of products for sale"
31,Subsection,,,2.2,2.2,"Section 7A provides that it is an offence for a trader to apply a false trade description to a, service supplied or offered to be supplied to a consumer; or supply or offer to supply to a consumer a service to which a false trade description is applied"
32,subsection,,,2.20,2.20,"The price advertised should tally with the actual selling price at the point of sale or checkout. Any additional charge that is directly connected with the supply of the products should be clearly disclosed to the consumer. Hidden additional charges might constitute an offence of 10 misleading omission7. Performance claims"
33,Subsection,,,2,21,2.21,"Claims should not be false or misleading to a material degree. False or misleading,claims on the effectiveness of a product without sufficient supporting (mainly scientific) evidence may constitute an offence of false trade descriptions. Example Shampoos that contain synthetic materials  such as preservatives"
34,Subsection,,,2,22,2.22,"Traders, especially those in the health and beauty sectors, often use “before” and “after” photographs of subjects to provide a visual representation of the effectiveness of their products. Visual promotional gimmick is commonly used to demonstrate the efficacy of slimming products, diet regimes, cosmetic creams and products and hair treatments. Photographs so used, even with a statement that they have been re-touched, should not give a misleading indication as to the efficacy of the products and traders need to ensure that they have relevant evidence to substantiate the"
35,Subsection,,,2,23,2.23,"The TDO prohibits false or misleading claims in advertisements. For example, an advertisement for facial injection states that “XYZ was formally registered in Hong Kong in 2010”. From the context of the advertisement, the statement may mislead consumers into believing that it is a medicine registered with the Department of Health. However, the advertised product does not fall within the definition of medicine under the Pharmacy and Poisons Ordinance and cannot be registered as a medicine in Hong Kong. The statement would be misleading to a material degree."
36,Subsection,,,2,24,2.24,"Under section 2(2)(a)(i), goods shall be deemed to be manufactured in a place in which they last underwent a treatment or process which changed permanently and substantially the shape, nature, form or utility of the basic materials used in their manufacture. 7 Please refer to paragraphs 3.23 and 3.24 of Chapter 3 on Misleading Omissions. 11"
37,Subsection,,,2,25,2.25,"When traders state the place of manufacture or country of origin for their goods, they should ensure that the claim complies with section 2(2)(a)(i). Example A pair of trousers which were cut and sewn in the United States of America (USA) with fabric manufactured in China will likely be taken as manufactured in the USA. A TV set assembled in China with parts manufactured in Japan and Korea will likely be taken as manufactured in China."
38,Subsection,,,2,26,2.26,"Under section 2(2)(a)(ii), goods shall be deemed to have been produced in the place in which they were wholly grown or mined. Example The geographic denomination of “Yangcheng Lake hairy crab” (“陽澄湖大閘蟹”) should refer to Chinese mitten crabs bred and harvested in Yangcheng Lake (陽澄湖). If a crab labeled as “陽澄 湖大閘蟹” is in fact bred and harvested in other provinces or even overseas, it may be considered"
39,Subsection,,,2,27,2.27,"If traders have doubts on the origin claims of the goods they supply, they are advised to seek clarifications from their suppliers, including obtaining copies of certificates of origin to support the claims. If traders are not certain of the place of manufacture of the goods they supply, it will be legitimate to tell consumers that they do not know. Puffery"
40,Subsection,,,2,28,2.28,"Some advertisements may include such puffery claims as “the best” and “the most,popular”. Common advertising practice of making exaggerated statements are legitimate as these statements are not meant to be taken literally and the average consumer would be unlikely to take literally the meaning of these obvious exaggerations or puffery  for example"
41,Subsection,,,2,29,2.29,"Nevertheless, these claims should be used with caution when they are used with quantifiable standards or reference, for example, “the best-selling book in 2011”. Traders should be prepared to give sufficient evidence to show that the book was sold in a quantity in 2011 which has out-numbered the sales of the others. Specific defence for false trade descriptions"
42,Subsection,,,2,3,2.3,"Section 2 defines “trade description” to mean an indication, direct or indirect, and by whatever means given, with respect to the goods or services or any part of the goods or services, including an indication of any of the matters referred to in the definition."
43,Subsection,,,2,30,2.30,"The general defences are stipulated under sections 26(1) and 27 for all fair trading,sections (please refer to paragraphs 8.7 – 8.9 below). For the offence of “supplying or offering to supply any goods to which a false trade description is applied” (section 7(1)(a)(ii))  the offence of “having in possession for sale or for any purpose of trade or manufacture any goods to which a false trade description is applied” (section 7(1)(b))"
44,Subsection,,,2,31,2.31,"It is the court of law which will decide whether to accept a defence having regard to the,particular circumstances of a case. A retailer having a well-established mechanism or procedure which requires suppliers to provide documentary proof as to the trade descriptions of products and/or engaging suppliers which are reliable long-term partners with good records would be more likely to have a defence accepted by the court. As a good practice  traders are encouraged to obtain documentary proof (e.g. certificates of origin"
46,Subsection,,,2,5,2.5,"Section 2 defines “false trade description” as a trade description which is false to a,material degree; or which  though not false"
47,Subsection,,,2,6,2.6,"To amount to a false trade description, the falsity of the trade descriptions has to be to a material degree. Trivial errors or discrepancies in trade descriptions would not constitute an offence 5 . What constitutes a material degree will vary with the facts. For example, in an advertisement a trader claims that a smartphone has a 5.55 inch display whereas in fact the display measures only 5.54 inch. The difference of 0.01 inch would unlikely be taken as false to a material degree."
48,Subsection,,,2,7,2.7,"A trade description is also a false trade description if it, though not false, is misleading. A member of the public entering a shop and seeing a bottle marked “mineral water” would reasonably expect it to contain something more than mere tap water, and a prospective consumer would understand that the product so labeled is, in terms of composition, richer than tap water in mineral content. Therefore, the trade description “mineral water” when applied to a bottled water which is no richer than tap water in mineral content is misleading in that it is likely to be taken as an"
49,Subsection,,,2,8,2.8,"The aspects of goods or services to which a trade description indicates can vary from case,to case. The following are some examples of trade descriptions applied to goods and services  where the offence of false trade descriptions may or may not have been committed. Availability of a product"""
50,Subsection,,,2.9,2.9,"Whether certain products are available is an aspect the indication of which is a trade,description. Inaccurate information relating to the availability of a product for supply may be an offence. Example A statement that a product is in short supply and that the trader is the only one having it in stock where in fact there are still plenty available in the market may constitute an offence of false trade"
51,subsection,,,3.1,3.1,"Traders have the primary responsibility of providing accurate, truthful and pertinent"""
52,Subsection,,,3,10,3.10,"Infirmity (mental or physical) covers a range of infirmities including sensory impairment, limited mobility and other disabilities. For example, consumers who need to use wheelchairs might be a vulnerable group in relation to a commercial practice promoting a mobility aid, or those with a hearing impairment may be a particularly vulnerable group in relation to commercial practices involving the supply of hearing aids."
53,Subsection,,,3,11,3.11,"Age may be appropriate to consider a practice from the perspective of an older or younger,consumer. For example  the elderly might be particularly vulnerable to certain commercial practices connected with burglar alarm sales"
54,Subsection,,,3,12,3.12,"Credulity covers groups of consumers who may more readily believe specific claims.,The term is neutral  so the effect is to protect members of a group who are for any reason open to be influenced by certain claims. An instance might be members of a group who"
55,Subsection,,,3,13,3.13,"For a commercial practice described in paragraphs 3.2(a) to (c) to amount to misleading,omissions in contravention of section 13E (and also that on aggressive commercial practices in Chapter 4)  the practice must cause"
56,Subsection,,,3,14,3.14,"Section 2(1) defines transactional decision as “any decision made by a consumer, whether it is to act or to refrain from acting, concerning (a) whether, how or on what terms to purchase, make payment in whole or in part for, retain or dispose of a product; or (b) whether, how or on what terms to exercise a contractual right in relation to a product.” For instance, a decision to purchase a product, a decision not to purchase a product, as well as a decision not to purchase a product and switch to purchase another product, are all transactional decisions. A decision to terminate a"
57,Subsection,,,3,15,3.15,"In essence, the transactional decision test would mean the following question: “Would the average consumer make the same transactional decision if not because of the commercial practice of the trader?” It is not necessary to prove that an individual consumer has actually made a different transactional decision as a result of a commercial practice and therefore suffers. It is sufficient if the commercial practice causes, or is likely to cause, the average consumer to make a transactional decision that he would not have made but for the commercial practice."
58,Subsection,,,3,16,3.16,"Section 13E(5) provides that material information means, inter alia, the information that the average consumer needs, according to the context, to make an informed transactional decision."
59,Subsection,,,3,17,3.17,"What information is material depends on the circumstances and the nature of the products,involved  including for instance the products’ characteristics"
60,Subsection,,,3,18,3.18,"Under section 2(1), an invitation to purchase is defined as a commercial communication that indicates the characteristics of the product and its price in a way appropriate to the medium used for that communication and therefore enables the consumer to make a purchase."
61,Subsection,,,3.19,3.19,"The term “therefore enables” primarily refers to enabling of a purchase through the provision of information.  The amount of information that enables the consumer to make a purchase varies depending on the circumstances.  Sophisticated products may require the provision of more information than simple ones before a purchase is enabled."
62,subsection,,,3.2,3.2,"Section 13E(1) provides that a trader who engages in relation to a consumer in a commercial practice that is a misleading omission commits an offence. Section 13E(2) further provides that a commercial practice is a misleading omission if, in its factual context, taking into account the factors stated in paragraph 3.3 (section 13E(3)) below: (a) it omits or hides material information; (b) it provides material information in a manner that is unclear, unintelligible, ambiguous or untimely; or (c) it fails to identify its commercial intent unless this is already apparent from the context, and as a result, it causes or is likely to cause, the average consumer to make a transactional decision that he would not have made otherwise."
63,Subsection,,,3.20,3.20,"Examples of invitations to purchase include a price label on a product displayed in a shop;,an automobile advertisement in a newspaper that advertises the products’ image and price; a menu in a restaurant in which the price and choice of dishes are listed; and an interactive TV advertisement showing images of the products and their prices","3.20 Examples of invitations to purchase include a price label on a product displayed in a shop;,an automobile advertisement in a newspaper that advertises the products’ image and price; a menu in a restaurant in which the price and choice of dishes are listed; and an interactive TV advertisement showing images of the products and their prices."
64,subsection,,,3.21,3.21,"Section 13E(4) provides that if a commercial practice is an invitation to purchase, the following information is regarded as material and must be made available unless such information is apparent from the context -  19  the main characteristics of the product, to the extent appropriate to the product and to the medium by which the invitation to purchase is communicated (such as what the product is and what are its main functions);  the identity (such as trading name) of the trader and of any other trader on whose behalf the trader is acting;  the address (not including a postal box address) of the trader’s usual place of business and of any other trader on whose behalf the trader is acting;  either (i) the price, including any taxes; or (ii) if the nature of the product is such that the price cannot reasonably be calculated in advance, the manner in which the price is calculated;  where appropriate, either (i) all additional freight, delivery or postal charges; or (ii) if those charges cannot reasonably be calculated in advance, the fact that they may be payable;  any arrangements for payment, delivery of goods, supply of service (such as the way in which any work is to be carried out, or service provided) that depart from the requirements of professional diligence (see paragraph 3.26 below); and   for products in relation to which there is a right of withdrawal or cancellation, the existence of that right. "
65,Subsection,,,3,22,3.22,"An invitation to purchase does not necessarily have to contain all the above information if,the information is already apparent from the context. On the other hand  it should be noted that while section 13E(4) lists out the minimum information required that is not apparent from the context, there may be other information that is material in an invitation to purchase, taking into account the nature and circumstances of the commercial practice concerned.  Furthermore, whether a piece of information is material in commercial practices other than in the context of an invitation to purchase hinges on what the average consumer needs to make an informed transactional decision. Example: A boutique displays many different fashion items for sale with labels stating price, materials used and washing instructions attached.  While this is an invitation to purchase, the boutique may not be required to indicate its address, trading name and delivery arrangements because it is apparent that consumers visiting the boutique know where they are and they have to take delivery of the items by themselves upon payment. Example: The drink list of a bar placed on each table states the price in unit of quantity and any special offer or discount, for example “buy one get one free from five to eight o’clock on weekdays”.  It provides consumers with the information they need to enable them to make decision as to what drinks to order.  The name of the bar is already on the list, and the address is apparent because consumers are already in the bar.  "
66,Subsection,,,3,23,3.23,"If traders are making an invitation to purchase, but are unable to actually tell consumers the full price including tax or postal charges because the tax or the postal charges cannot reasonably be calculated in advance, traders must give information on the manner in which that full price is to be calculated."
67,Subsection,,,3,24,3.24,"Any additional charges that come with the supply of the goods or services should be,clearly communicated to consumers before they make the purchase. Example A restaurant promotes its steam whole chicken at the price of $1 each. A consumer orders a chicken and only after the meal when he pays the bill  he is informed that the spring onion and ginger paste which comes with the chicken is charged at $50. The restaurant may be liable for"""
68,Subsection,,,3,25,3.25,"In making an invitation to purchase, a trader should cause consumers to be informed of any right of cancelling a transaction. Example Shops registered with the Travel Industry Council undertake to provide an unconditional full refund to Mainland tour members who return their purchases within six months. Notices setting out the refund arrangements are displayed in conspicuous locations inside and outside the shops to enable"
69,Subsection,,,3,26,3.26,"Under section 13E(5), professional diligence is defined as “the standard of skill and care that a trader may reasonably be expected to exercise towards consumers which is commensurate with either (a) honest market practice in the trader’s field of activity; or (b) the general principle of good faith in that field”."
70,Subsection,,,3,27,3.27,"Professional diligence is an objective standard which may vary according to the context.,However  poor current practice that is widespread in an industry or sector cannot be taken as an acceptable objective standard because this is not what a reasonable person would expect from a trader who is acting in accordance with honest market practice or good faith. Professional diligence requires traders to approach transactions professionally and fairly as judged by a reasonable person. A simple way of undertaking professional diligence would be to ask: “is the"""
71,Subsection,,,3,28,3.28,"A furniture store offers free delivery service and a reasonable person would expect that it,covers most of the urban residential areas in Hong Kong. However  if the free delivery service is provided only where an address has lifts or the delivery schedule is fixed by the store"
72,Subsection,,,3,29,3.29,"The requirements of professional diligence are to be applied only to the matters specified,under section 13E(4)(f) (i.e. arrangements for payment  delivery of goods and supply of service) when considering whether there are misleading omissions in a commercial practice that is an invitation to purchase. Information required by other laws"""
73,Subsection,,,3,3,3.3,"The factors to be considered as referred to in paragraph 3.2 above are:,(a) all the features and circumstances of the commercial practice; (b) the limitations of the medium used to communicate the commercial practice including limitations of space or time; and (c) if the medium used to communicate the commercial practices imposes limitations of space or time  any measures taken by the trader to make the information available to"""
74,Subsection,,,3,30,3.30,"Material information also includes information that should be mandatorily provided in a,commercial communication in accordance with the requirements of other provisions of Hong Kong Laws. For example  the Accreditation of Academic and Vocational Qualifications Ordinance"
75,Subsection,,,3,31,3.31,"Omitting or hiding material information is misleading omission in contravention of,section 13E if as a result  it causes"
76,Subsection,,,3,32,3.32,"In most circumstances, the price and unit of sale of the product are material information. The sale of goods usually requires reference to a unit of quantity, including length, width, height, area, volume, capacity, weight and number, for example the retail price of a tael/catty of fish, a litre of milk and a tael of Korean ginseng. The sale of service may require reference to, for example, the charge of body massage on an hourly basis, and the charge of an IDD service on a per minute basis. To the average consumer, the price per unit of quantity/sale is material information and will"
77,Subsection,,,3,33,3.33,"It is advisable for traders to review their commercial practices and determine what,information is required for the average consumer to make an informed transactional decision  taking into account the context10. As practitioners in the sectors in which they operate their businesses"
78,Subsection,,,3,34,3.34,"Provision of material information in a manner that is unclear, unintelligible, ambiguous is a misleading omission in breach of section 13E, if it causes, or is likely to cause, the average consumer to make a transactional decision that the consumer would not have made otherwise."
79,Subsection,,,3,35,3.35,"Material information should be provided in a clear, intelligible and unambiguous manner, unless apparent from the context. Information that is obscured or partially obscured may be held to be unclear, unintelligible or ambiguous. Example A trader uses small fine print to state the unit of quantity for its goods. Although the price is given in a clear manner, the unit of quantity is so small that an average consumer could not read it in a"
80,Subsection,,,3,36,3.36,"Apart from printed or written media, ambiguity and unintelligibility of information may arise out of the language and/or graphics used in the presentation of the information. For example, Western tourists may have difficulties in understanding the price per unit of quantity in Cantonese if 24 the price is communicated verbally and written price indication is not readily available. Traders with Western tourists as target consumers can avoid making a misleading omission by stating the price in English of say “$500/kg” on a price tag and showing it to consumers. "
81,Subsection,,,3,37,3.37,"Provision of material information in an untimely manner is also a misleading omission in breach of section 13E, if it causes, or is likely to cause, the average consumer to make a transactional decision that the consumer would not have made otherwise.  Traders should clearly inform consumers of the price of products and how the price and any discount available are calculated before the consumers decide whether or not to buy or acquire them. Example: A beauty group promotes a stem cell transfusion service performed by a medical practitioner to its consumer without disclosing the risk of the medical treatment and suitability of applying such treatment to a particular consumer (which requires advice from a medical practitioner) until after the consumer pays for the service.  If the commercial practice is structured in such a way that this material information is not disclosed to its consumer in a timely manner, the beauty group risks contravening the misleading omission offence.   Example: A trader operates a car park.  The parking fee is material information.  The trader should clearly display the parking fee, for example, in terms of hourly parking rate at a conspicuous location at the entrance of the car park to enable consumers to decide whether or not they wish to park their cars there before they enter the car park. Example: A promotion agent acting for a trader promotes the sale of discounted buffet coupons at $128 each.   The agent tells a consumer that $128 is the only payment required for a coupon. The consumer gives his personal details and his permission to pay for the transaction by credit card to the agent, who only then informs the consumer that to be eligible for the discounted offer, an amount of $1,536 (i.e. $128 x 12 coupons) has to be paid in advance.  The agent may have committed the offence of misleading omission. "
82,Subsection,,,3,38,3.38,"Duration of contract can also be material information. Some services are provided,over a period of time and as a legitimate marketing technique  the longer the duration of the service contract is"
83,Subsection,,,3,39,3.39,"Where service fees can only be ascertained after some testing or inspection work has,been undertaken  for example repair service"
84,Subsection,,,3,4,3.4,"Thus, if it is impracticable for traders to provide all the necessary information to consumers due to limitations of the communication medium available, other means of communication medium should be used by the traders to make the information available to consumers to enable them to make informed transactional decisions.  For example, traders promoting their products by short message service (SMS) may find it difficult to include in the message all the necessary information due to the constraints on the message length9.  Traders are less likely to commit a misleading omission if they make it clear where omitted information can be found.  For instance, traders may provide their website address or a hotline telephone number in the SMS and invite consumers to browse it for more detailed information on the products they are promoting.   Example: A fashion retailer with over 200 stores in Hong Kong advertises in a newspaper for its new collection.  Given the space limitation of a newspaper advertisement, it is not practicable to list the addresses of all stores, and so the retailer includes in the advertisement its website address and enquiry hotline to enable consumers to check the store locations easily.  It is unlikely for the non-inclusion of the store addresses in the advertisement to constitute the offence of misleading omissions.  "
85,Subsection,,,3,40,3.40,"As mentioned in paragraph 3.2 above, a trader may commit a misleading omission offence if he fails to identify the commercial intent of a commercial practice, and as a result, it causes or is likely to cause the average consumer to make a transactional decision that the consumer would not have made otherwise. While such an intent is apparent in the majority of cases (for example the presence of a price often notifies the commercial intent of the advertisement, or a TV advertisement is clearly perceived to be promoting a product), the commercial intent of an"
86,Subsection,,,3,41,3.41,"The genuine engagement of celebrities in product promotions is a legitimate practice, but a trader may commit a misleading omission offence if he engages a celebrity to disguise himself or herself as a consumer and arranges for him or her to be photographed by the unsuspecting media at a product exhibition without disclosing any contractual relationship between the celebrity and the trader, and as a result, causing the average consumer to make a transactional decision that the consumer would not have made otherwise. Please also refer to paragraph 2.11 as regards avoiding"
87,Subsection,,,3.42,3.42,"A trader may also commit a misleading omission offence if he or his agent disguises himself as a consumer and posts comments using pseudonyms in discussion forums or in social media in a bid to promote sales or “bad mouth” competitors.  Example: A beauty company instructs its employees or a blogging agent to post on various online forums and social networking websites very favourable comments to promote its services.  The comments are posted under a disguise as consumers who have patronized the services before.  If such non-disclosure of the commercial intent causes or is likely to cause the average consumer to make a transactional decision that the consumer would not have made otherwise, this practice may constitute a misleading omission offence.   Example: A company launched a series of health seminars at a community hall targeting senior citizens and offered free gifts to them.  The elderly might be enticed to join the seminars to learn more about health maintenance. The attendees were not told that the organizer of the seminar was the company which sold health products nor that the company intended to introduce and promote its health products at the seminars.  At the seminars, the speaker kept persuading the attendees that the company’s health products were the best for maintaining their health.  If not being informed of the company’s commercial intent may cause the elderly to make a transactional decision that they would not have made otherwise, the company’s practice may constitute the misleading omissions offence."
88,subsection,,,3.5,3.5,"For a commercial practice described in paragraph 3.2(a) to (c) to amount to a misleading","omission, it has to “cause or [be] likely to cause the average consumer to make a transactional decision that he would not have made otherwise”. Similar requirement is also applicable to the offence of aggressive commercial practices. Hence, to understand the operation of the offence of misleading omissions (and also the offence of aggressive commercial practices which is dealt with in Chapter 4), it is necessary to understand the concepts of “average consumer” and “transactional decision”"
89,Subsection,,,3.6,3.6,"The concept of average consumer does not refer to any actual consumer and there is no requirement to show evidence of any actual consumer being affected by an unfair commercial practice.  It is an objective reference which determines whether a commercial practice constitutes the offences of misleading omissions and aggressive commercial practices.  It is the notional average consumer whom the commercial practice reaches or to whom it is directed that is relevant.  Section 13D(1) provides that “In determining the effect on the average consumer of a commercial practice that reaches or is directed to a consumer or consumers, account must be taken of the material characteristics of such an average consumer including that the consumer is reasonably well informed, reasonably observant and circumspect” [emphasis added].  The term “average” does not mean a statistically average consumer; and the average consumer is not ill-informed, ignorant or reckless. "
90,subsection,,,3.7,3.7,"On the other hand, since a commercial practice may have different impact on consumers depending on the type or group of consumers the practice reaches or is directed to, section 13D(3)(a) and (b) set out the circumstances in which the “average consumer” refers to one that is in a particular smaller group instead of the population as a whole.  It is the characteristics of the average member of these particular groups that are relevant.  The above-mentioned circumstances are (a) where the commercial practice is directed to a particular group of consumers (see paragraph 3.8 below); or (b) where a clearly identifiable group of consumers is particularly vulnerable to the commercial practice or the underlying product because of mental or physical infirmity, age or credulity in a way which the trader could reasonable be expected to foresee (see paragraphs 3.9-3.12 below).  This is intended to help a court of law decide if a practice is prohibited due to the impact or potential impact it has on a particular group of consumers, while the practice might not change the decision of consumers at large. "
91,Subsection,,,3,8,3.8,"In determining the effect on the average consumer of a commercial practice that is,directed to a particular group of consumers  it is the material characteristics of the average consumer of that particular group that are relevant. Indications of what group of consumers a commercial practice is directed to may be found, for example, in the way advertising is placed, the language of a commercial communication, the nature of the product and the context.   Example: For a Japanese language life-style magazine, the main characteristics of an average consumer of the target group may likely be someone who can read Japanese.  On the other hand, the target group of a Japanese magazine for children, and hence the characteristics of an average consumer of that group, can be very different. Example: Certain retail shops registered with the Tourist Industries Council predominantly serve Mainland tourists.  The characteristics of Mainland tourists, such as their knowledge of marketing practices commonly adopted in Hong Kong, may be different from those of the Hong Kong residents.  If a commercial practice is held to be directed to Mainland tourists as a particular group, in the determination of whether the practice amounts to a misleading omission or an aggressive commercial practice, it is the characteristics of the average member of this group which should be taken as the benchmark for assessing the practice’s impact. Example: Different television programmes aim at reaching different target audiences and the programmes are broadcast in different timeslots to maximize their impacts on the target audiences.  For example, television advertisements on toys broadcast during children’s programmes may likely be considered as being directed to children (and/or their parents). Example: Consumers who need to use corrective lens might be considered as a target group in relation to advertising claims about corrective lens with built-in sun-glasses function."
92,Subsection,,,3,9,3.9,"Where a clearly identifiable group of consumers is particularly vulnerable to the,practice or to the underlying product because of their mental or physical infirmity  age or credulity in a way which the trader could reasonably be expected to foresee, then it is the average member of that group that is the relevant average consumer.  It is not necessary that the trader actually foresees the effect (or likely effect) on the vulnerable group; it is sufficient if he could reasonably be expected to do so."
93,Subsection,,,4,1,4.1,"Under section 13F(2), “a commercial practice is aggressive if, in its factual context, taking account of all of its features and circumstances, (a) it significantly impairs or is likely significantly to impair the average consumer's freedom of choice or conduct in relation to the product concerned through the use of harassment, coercion or undue influence; and (b) it therefore causes or is likely to cause the consumer to make a transactional decision that the consumer would not have made otherwise” [emphasis added]."
94,Subsection,,,4,2,4.2,"Generally speaking, harassment includes an infliction of physical and/or non-physical (including psychological) pressure. In the context of the section, it may cover a range of conduct in connection with the supply of goods or services, which includes, but is not limited to, applying repeated pressure to a consumer who is under no obligation to acquire the goods or services, repeated unwelcome approaches to a potential customer of goods or services etc. Coercion"
95,Subsection,,,4.3,4.3,"A commercial practice may involve coercion if the consumer is subjected to pressure and,threat. Coercion is not limited to deliberate intimidation. It may or may not involve the use of physical force (section 13F(4)). An example is the use of personally abusive or obscene language that has the effect of humiliating a consumer or subjecting a consumer to fears over his own safety or the safety of his next of kin and prejudicing his freedom of choice."
96,subsection,,,4.4,4.4,"It means an exploitation of a position of power in relation to a consumer so as to apply pressure, even without using or threatening to use physical force, in a way which significantly impairs the consumer’s ability to make an informed decision under section 13F(4). Example A mechanic has a consumer’s car at his garage and has done more work on the car than agreed. He refused to return the car to the consumer until he was paid in full for the work. The mechanicdid not check with the consumer before he went ahead with the extra work.  As the mechanic has the car, he has power over the consumer’s decision to pay for the unauthorized work.  He has exploited his position of power, by demanding payment for doing more than was agreed and refusing to return the car until the consumer has paid for all the work.  The mechanic could be liable for exercising undue influence on and/or coercion of the consumer. "
97,Subsection,,,4,5,4.5,"Offering some incentive to consumers, such as a free shuttle transfer to and from shopping centres, or the provision of some light refreshments free in shopping centres might influence consumers but it might not be likely to constitute undue influence as the consumers’ ability to make an informed transactional decision would not be impaired. However, if a trader takes consumers to a resort for a health plan presentation which is situated at a distant location with no public transport available and after the presentation, the trader says he would arrange return transport only if consumers sign a contract to subscribe to a health plan, this could amount to coercion and/or undue influence."
98,Subsection,,,4,6,4.6,"The concept of freedom of choice or conduct is not limited solely to decisions about,whether to purchase a product or not. It applies to a wide range of transactional decisions. For example  coercion might cause consumers to purchase the product at a much higher price or on disadvantageous terms, or from one trader instead of another."
99,Subsection,,,4,7,4.7,"Section 13F(3) stipulates that the following factors must be taken into account when determining whether a commercial practice is aggressive through the use of harassment, coercion or undue influence:     timing, location, nature or persistence;     the use of threatening or abusive language or behaviour;     the exploitation by the trader of any specific misfortune or circumstance, of which the trader is aware and which is of such gravity as to impair the consumer’s judgment, to influence the consumer’s decision with regard to the product; any onerous or disproportionate non-contractual barrier imposed by the trader where a consumer wishes to exercise rights under the contract, including rights to terminate the contract or switch to another product or another trader; and any threat to take any action that cannot legally be taken."
100,Subsection,,,4,8,4.8,"It is not necessary for all of these above factors to be present for a commercial practice to be aggressive. Furthermore, a court of law may consider any other relevant factors as it sees fit. As a good practice, traders are advised to stop promoting their goods or services when consumers have explicitly rejected the offer. Example: A beautician persuaded a consumer B to pay slimming treatment fees by several credit cards, claiming that payment by different credit cards would entitle her to more “fabulous offers”.  B gave the beautician three credit cards which were then held in custody by the cashier.  Twenty minutes later, when the slimming treatment was still in progress, the manageress of the beauty salon came into the treatment room and asked B if she was delighted with the treatment.  B was embarrassed by the manageress’ abrupt move as her upper body was barely covered with body cream and ointment.  The manageress and the beautician then kept promoting other slimming and beauty packages to B for more than 30 times during the two-hour treatment until B finally agreed to purchase one.  B later changed her mind and asked for the cancellation of the transactions and return of her credit cards, but was denied unless she signed the agreements.  Both the manageress and the beautician may be liable for using harassment and undue influence.   Example: Staff working in a private columbarium put pressure on a recently bereaved relative, who is looking for a funeral package and columbarium, to buy a more expensive package to avoid bringing bad fortune to him and other members of the family.  This could amount to coercion or undue influence because the staff has exploited the misfortune of the bereaved relative to influence his decision at a time when he is in deep sorrow. Example: Two salespersons from a pay TV service provider conduct unsolicited doorstep marketing of pay TV services.  They knock on the door of a flat late at night.  An elderly man, who is alone in the flat and is woken up by the door knocking, opens the door.  The two salespersons quickly enter into the flat and start promoting the pay TV services to the elderly man.  Although the elderly man indicates that he is not interested in the services, the salespersons refuse to leave and keep on pressing him to sign the contract.  The conduct of the salespersons is likely considered to be an aggressive commercial practice.  Example: A trader specialized in timeshare rights and long-term holiday products may offer its customers a three-day cooling-off period.  However, many onerous or disproportionate non-contractual barriers arise when the customers try to exercise their contractual right to terminate the contract.  For example, the termination form can only be obtained by fax or mail (not email) and the applicant is required to submit the duly completed form in person to a sub-office in Lamma Island during normal office hours.  Traders are reminded that imposing these kinds of non-contractual barriers, even occurring after the commercial transaction, may amount to an aggressive commercial practice."
101,Subsection,,,5,1,5.1,"Section 13G prohibits a trader from advertising goods or services at a specified price if there are no reasonable grounds for believing that the trader will be able to offer for supply reasonable quantities of the goods or services at that price for a reasonable period, taking into account the nature of the advertisement and the nature of the market in which the trader carries on business. The TDO makes it an offence for the trader engaging in such commercial practice who fails to offer those products for supply at that price, for a period that is, and in quantities that"
102,Subsection,,,5,10,5.10,"Besides the general defence under section 26(1) for all fair trading sections (please refer to paragraph 8.7 below), the TDO also provides additional defences under section 26A for traders, 33 such as seeking the help of another supplier to provide the same product or offering an equivalent product to consumers if a trader fails to meet the legal requirement set out in paragraph 5.1. The effect of the additional defence is that when traders genuinely run out of stock, they may be"
103,Subsection,,,5,11,5.11,"What are “equivalent products” will be determined on a case-by-case basis, and ultimately, is a matter of fact to be decided by a court of law. Generally speaking, equivalent products refer to products which possess characteristics, functions and performance similar to the products that traders have offered for sale to consumers, and with a similar selling price and similar after-sale services, if any. 34"
104,Subsection,,,5,2,5.2,"The prohibition seeks to forbid traders from enticing consumers by advertising goods or services at an exceedingly attractive price but making them available for sale only for an unreasonably short period and/or in unreasonably small quantities. In short, the advertised product is the bait to attract consumers to come forward, but when arriving at the traders’ premises or visiting the traders’ websites intending to buy the advertised product (the bait), consumers only find out that the advertised product is no longer available (or perhaps has never been available). They"
105,Subsection,,,5,3,5.3,A trader may commit an offence if he does not supply the advertised goods or services in reasonable quantities for a reasonable period. Whether the period and the quantities are reasonable is determined in the light of the nature of the market in which the trader carries on business and also the nature of the advertisement. Nature of the market
106,Subsection,,,5,4,5.4,"In examining the nature of the market, both the supply and demand sides in relation to the subject goods or services are considered. The demand-side factors which are generally taken into account include, but are not limited to, the typical size of consumer demand for the same or similar goods or services that have been offered for sale by the same trader and/or traders in the same market, demand elasticity at different prices and the extent of reach of the advertisement. Factors which are not reasonably foreseeable by traders and may have a substantial impact on"
107,Subsection,,,5,5,5.5,"Before putting up an advertisement or initiating a marketing promotion, traders should review their previous sales trends and promotion records and assess if the size of the stock they have in hand is sufficient to meet a reasonably projected consumer demand. The inclusion of a hotline number or website address which allows consumers to check the most updated information about the availability of the products is encouraged. If the actual demand is greater than that originally projected, traders should, as a good practice, stop or withdraw the relevant advertisement,"
108,Subsection,,,5,6,5.6,"Traders are advised that the use of the disclaimer “while stocks last” or “subject to product availability” will be unlikely to be sufficient to protect traders from committing the offence of bait advertising. If they are not able to supply the products at the specified price for a period that is, and in quantities that are, reasonable, they would still be liable to the offence. Example A new model of popular electronic gadget has been launched globally, but its supplier adopts the"
109,Subsection,,,5,7,5.7,"As stated in paragraph 5.4 above, the size of the consumer demand for the advertised goods or services is generally subject to the extent of the reach of the advertisement in question. The size of the readership that is reachable by a print advertisement on the front page of a widely circulated daily newspaper is naturally larger than that on an inside page of a local weekly. The reach of a TV commercial is expected to be farther than a bill posted on the front of a local store. Example"
110,Subsection,,,5,8,5.8,"There is no intention of fettering traders in their legitimate promotional activities, including activities intended to create a “queuing effect”, as long as information on the period and the quantities in which the advertised products are available (even if the period and quantities are grossly unreasonable, for example, 2 handbags sold at 50% discount or handbags sold at 50% discount for the first hour of business) is provided to consumers such that they can make an informed decision as to whether they would like to come early and queue up. In this light, section"
111,Subsection,,,5,9,5.9,It must be emphasized that a mere absence of an indication in an advertisement of the period and the quantities in which the advertised product is available does not in itself amount to an offence of bait advertising. Additional defence
112,Subsection,,,6,1,6.1,"Section 13H prohibits traders from engaging in a commercial practice that constitutes a bait and switch. The making by a trader of an invitation to purchase11 goods or service at a specified price is a bait and switch if, having made the invitation, the trader then, with the intention of promoting a different goods or service: (a) refuses to show or demonstrate the product; (b) refuses to take orders for the product or deliver it within a reasonable time; or"
113,Subsection,,,6,2,6.2,"The section does not seek to prohibit a trader from promoting products other than the product which is the subject of the invitation to purchase. The section prohibits a trader from taking any one of the three courses of conduct referred to in paragraph 6.1 above when he has the intention of promoting a different product after making an invitation to purchase a product at a specified price. In order to establish an offence under this section, it is necessary to prove the intention of the trader."
114,Subsection,,,7,1,7.1,"It is common for consumers to make pre-payments in the purchase of goods or services to be delivered at a later date. To boost business, some traders offer discounts for pre-payments, especially in bulk purchases. Traders are advised not to accept pre-payments from consumers if they are uncertain whether the pertinent goods or services can be delivered to consumers at the agreed time or, if no time is agreed, within a reasonable time."
115,Subsection,,,7,2,7.2,"Under section 13I(1), a trader who engages in relation to a consumer a commercial practice that constitutes wrongly accepting payment for a product commits an offence. In this regard, pursuant to sections 13I(2)(a) and (b), a trader is prohibited from accepting payment in whole or in part and by whatever means for a product if at the time of accepting payment, the trader intends not to supply or intends to supply a materially different product. It is also an act of wrongly accepting payment under section 13I(2)(c) if at the time of accepting payment, there are no"
116,Subsection,,,7,3,7.3,"In order to establish an offence under the section, it is necessary to prove that at the time of accepting payment or other consideration for a product, the trader intends not to supply the product or intends to supply a materially different product, or the circumstances are such that there are no reasonable grounds for believing that the trader would be able to supply the goods or services in the time specified or, if no time is specified, within a reasonable time. Example"
117,Subsection,,,7,4,7.4,"Traders are at liberty to agree with consumers the time of delivery of the goods or services even if the delivery time is long. In the absence of any such agreement, the product has to be delivered within a reasonable time. What is reasonable time depends on the nature of the goods or services involved and the facts of individual cases. A Christmas gift delivered to a consumer after Christmas would likely be outside a reasonable time, if the delivery time has not been specified."
118,Subsection,,,7,5,7.5,"Traders should always ensure that they have sufficient staff, equipment and facilities to meet the demand of consumers prior to accepting pre-payment for any goods or services to be delivered at a later stage. They should evaluate, on an on-going basis, their capacity and ability in 37 supplying goods or providing services to new and existing customers, having regard to the potential growth of customers, demand pattern, change in market environment and difference in demand"
119,Subsection,,,7,6,7.6,"Besides the general defence available under section 26(1) for all fair trading sections (please refer to paragraph 8.7 below), the TDO also provides an additional defence under section 26B for the offence of wrongly accepting payment (section 13I) namely, (i) the traders have offered to supply an equivalent product or (ii) the traders have offered to procure a third person to supply the specified product or an equivalent product if the traders fail to meet the legal requirement set out in paragraph 7.2 above. Traders may be absolved from liability pursuant to section 26B if they"
120,Subsection,,,7,7,7.7,"Section 26B(2) provides a further additional defence for an offence of wrongly accepting payment under section 13I(2)(c). A trader might be acquitted if a refund in full of the payment was made within a reasonable period after expiry of the period for supply as specified (or if no period is specified, within a reasonable period). 38"
121,Subsection,,,8,1,8.1,"As set out in paragraph 1.5 above, the assessment of whether or not an entity is acting as a trader in relation to a commercial practice depends on whether or not the relevant activity is carried out for purposes relating to its trade or business. Hence, taking into account all the facts and circumstances of individual cases and the applicable law, various parties involved in a commercial practice (including but not limited to frontline staff, managerial officers, retailers, suppliers or consigners) may fall within the meaning of a “trader” under the fair trading sections. Reference"
122,Subsection,,,8,10,8.10,"For the defence specific to the offence of false trade descriptions, please refer to paragraphs 2.30 to 2.31 above. For the additional defences in proceedings for the offences of bait advertising and wrongly accepting payment, please refer to paragraphs 5.10 to 5.11 and 7.6 to 7.7 above respectively. 41"
123,Subsection,,,8,2,8.2,"Section 20 sets out the circumstances under which certain classes of persons of a body corporate or an unincorporated body may also incur personal liability in consequence of an offence committed by the body corporate or by a person as a member of the unincorporated body. In the case of a body corporate, any person who at the time of the offence is a director, shadow director, company secretary, principal officer or manager of the body corporate, or any other person purporting to act in such capacity may be liable to be proceeded against and punished accordingly."
124,Subsection,,,8,3,8.3,"A person will not be personally liable for the offence merely because of the position or role that he has in the company. In determining whether he should be held liable, the following factors would be taken into account:     whether there is a sufficient nexus between the offence and the person;     whether he is in a position or has an ability to make, or participate in the making of, decisions that influence the company in relation to the offence;"
125,Subsection,,,8,4,8.4,"A trader includes any person acting in the name of or on behalf of a trader. For example, if an employee (or an agency) of a shop, acting as an agent, has committed an act that offends the fair trading sections within the scope of his or her employment (or service agreement) and intended at least to some extent to benefit the principal (i.e. the shop), then the act and intent of the agent can be imputed to the corporation under the rule of principal and agent."
126,Subsection,,,8,5,8.5,An agent’s knowledge is imputed to the corporation where the agent is acting within the scope of his authority and where the knowledge relates to matters within the scope of that authority. An agent (or a principal) may invoke the general defence (see paragraph 8.7 below) to vindicate himself from liability if he or she can show that the offence was committed outside his or her control and he or she had made reasonable efforts to avoid the commission of such an offence by himself or any person under his control.
127,Subsection,,,8,6,8.6,"The existence of an agent means that consumers do not always deal with the actual product supplier directly. Taking the online group-purchasing websites as an example, the companies operating the websites can either act as transaction platforms which earn service fee on a transactional basis or cooperate with the suppliers on a proceeds-sharing basis. The online group-purchasing companies which accept payments from consumers (say hair-cut services) are separate entities from the one who actually supplies the services. Similar relationships are not"
128,Subsection,,,8,7,8.7,"The TDO puts in place general defences for the person charged of the offences under the TDO. Under section 26(1), a person might be acquitted if sufficient evidence is adduced to raise an issue that the commission of the offence was due to a mistake or to reliance on information supplied to him or to the act or default of another person, an accident or some other cause beyond 40 his control (and adequate notice in writing is given and served on the prosecutor where the defence"
129,Subsection,,,8,8,8.8,"The good practice as mentioned in paragraph 8.6 above, if adopted, may be submitted by a trader to the court as a defence under section 26(1). It is for a court of law to judge whether a trader has taken all reasonable precautions and exercised all due diligence in individual cases."
130,Subsection,,,8,9,8.9,"Section 27 provides that in proceedings for an offence committed by the publication of an advertisement, a person might be acquitted if sufficient evidence is adduced to raise an issue that he is a person whose business it is to publish or arrange for the publication of advertisements and that he received the advertisement for publication in the ordinary course of business and did not know and had no reason to suspect that its publication would amount to an offence under the TDO. Specific and additional defence"
131,Subsection,,,9,1,9.1,"Criminal prosecution may be instigated for contraventions of the fair trading sections. Any person who commits a fair trading offence will be liable on conviction on indictment, to a fine of $500,000 and to imprisonment for 5 years; and on summary conviction to a fine of $100,000 and 2 years imprisonment."
132,Subsection,,,9,2,9.2,"With the introduction of the compliance-based mechanism 12, C&ED and OFCA are empowered to draw on civil measures viz. undertakings and injunctions, to deal with suspected contraventions. An undertaking is a court-enforceable agreement proposed by a trader (and accepted by C&ED or OFCA as the case may be) to undertake specific actions, including to stop the offending acts and not to repeat them in future. C&ED or OFCA, as the case may be, may also apply to a court of law for an injunction directing the trader to stop or refrain from continuing an"
133,Subsection,,,9,3,9.3,"Authorized Officers may carry out their duties in various ways, including inspection, sampling, test-purchasing, testing, detention of suspicious goods, investigation and prosecution, and also by informing, advising and educating traders and consumers."
134,Subsection,,,9,4,9.4,"C&ED, as the principal agency to enforce the TDO, has a full spectrum of enforcement powers13. For example, it is empowered to enter non-domestic premises and inspect goods, and to inspect books and documents that are required to be kept under the TDO or its subsidiary legislation for the purpose of ascertaining whether any offence under the TDO has been or is being committed. If there are reasonable grounds to suspect that an offence has been committed, they may arrest suspects, require the production of books, documents or records and, when necessary, seize and"
135,Subsection,,,9,5,9.5,"Traders should cooperate with the Enforcement Agencies during investigation. If individuals or traders obstruct Authorized Officers in the performance of their lawful duties, they may be liable to prosecution under section 17."
136,Subsection,,,9,6,9.6,"For more details on compliance and enforcements, please refer to the “Compliance and Enforcement Policy Statement” setting out the objectives of enforcement actions, the basic principles which guide C&ED and OFCA in the application of enforcement tools available under the TDO and the factors that C&ED and OFCA take into account in prioritizing its enforcement resources in handling complaints. 43"
